{
  "project_info": {
    "project_number": "229178863143",
    "project_id": "masturat-38ee3",
    "storage_bucket": "masturat-38ee3.appspot.com"
  },
  "client": [
    {
      "client_info": {
        "mobilesdk_app_id": "1:229178863143:android:3895f8999f61a88a60e802",
        "android_client_info": {
          "package_name": "com.aldi.matsurat"
        }
      },
      "oauth_client": [
        {
          "client_id": "229178863143-apn7aql1luadln518fj0kveafo2rj5n6.apps.googleusercontent.com",
          "client_type": 1,
          "android_info": {
            "package_name": "com.aldi.matsurat",
            "certificate_hash": "74ea611de9ca138d7ba5e1bdbbe7daade6868b2c"
          }
        },
        {
          "client_id": "229178863143-9vhis8sfljie5qqnod5bao5eu6s0os0t.apps.googleusercontent.com",
          "client_type": 3
        }
      ],
      "api_key": [
        {
          "current_key": "AIzaSyB-HHltq0Ek8HvbbpJO8SZFCGx4o6Sq0n4"
        }
      ],
      "services": {
        "appinvite_service": {
          "other_platform_oauth_client": [
            {
              "client_id": "229178863143-9vhis8sfljie5qqnod5bao5eu6s0os0t.apps.googleusercontent.com",
              "client_type": 3
            }
          ]
        }
      }
    }
  ],
  "configuration_version": "1"
}